t,Bx_des,By_des,Bz_des,I1,I2,I3
0.0,5.0,0.0,0.0,-0.7448020561917484,0.5485326543636776,0.35941478738201804
0.010050251256281407,4.990034266657467,0.31552815656336825,0.0,-0.7442504878074817,0.6039610088072019,0.3172635879881288
0.020100502512562814,4.960176792966289,0.6297985253385878,0.0,-0.740732118662599,0.6569817975055021,0.2738476828673655
0.03015075376884422,4.910546599574902,0.9415583324485893,0.0,-0.7342609740085799,0.7073836640418674,0.22934014055303154
0.04020100502512563,4.841341526992536,1.249564811851542,0.0,-0.7248628497262416,0.7549656917915503,0.18391838116450132
0.05025125628140704,4.752837446938915,1.552590159370844,0.0,-0.7125752094957911,0.799538204834371,0.1377634691585809
0.06030150753768844,4.645387162638653,1.849426427082734,0.0,-0.6974470354556067,0.8409235240585728,0.09105939155346966
0.07035175879396985,4.519419002444118,2.138890338551048,0.0,-0.6795386329450659,0.8789566754418824,0.043992324502536324
0.08040201005025126,4.375435112392968,2.4198280057141934,0.0,-0.6589213901097729,0.9134860476863544,-0.0032501088584411366
0.09045226130653267,4.214009454506753,2.691119528621443,0.0,-0.63567749332747,0.94437399658548,-0.05047958633213172
0.10050251256281408,4.035785518809927,2.951683459682642,0.0,-0.6098995995890266,0.9714973937143682,-0.09750783736717111
0.11055276381909548,3.8414737581898533,3.200481114635536,0.0,-0.5816904671404941,0.994748117255767,-0.14414739355980746
0.12060301507537688,3.631848756323197,3.436520713045921,0.0,-0.5511625458585956,1.0140334830053426,-0.19021233595794826
0.1306532663316583,3.407746139958169,3.658861331835384,0.0,-0.5184375289925296,1.0292766138381058,-0.23551903618864237
0.1407035175879397,3.170059247861193,3.8666166560766952,0.0,-0.483645868058983,1.0404167461631824,-0.2798868884546378
0.15075376884422112,2.919735569706531,4.058958512105104,0.0,-0.44692625282411896,1.0474094721453118,-0.32313902948206913
0.16080402010050251,2.6577729691045073,4.235120168861494,0.0,-0.4084250584454858,1.0502269167275036,-0.3651030435493471
0.1708542713567839,2.3852157058244488,4.394399394307301,0.0,-0.36829576197770225,1.0488578487491929,-0.4056116497868011
0.18090452261306533,2.1031502730689207,4.536161254727407,0.0,-0.32669833056789643,1.0433077257169387,-0.44450336900729515
0.19095477386934673,1.812701066393123,4.6598406457621735,0.0,-0.2837985837797348,1.033598672049205,-0.4816231674096352
0.20100502512562815,1.5150259015343637,4.764944545079196,0.0,-0.239767532587998,1.0197693908819356,-0.5168230745887792
0.21105527638190955,1.211311399018916,4.8510539777049315,0.0,-0.1947806976786736,1.0018750097865035,-0.5499627733892752
0.22110552763819097,0.9027682539445105,4.91782568618185,0.0,-0.14901740977201386,0.9799868610150394,-0.5809101592506042
0.23115577889447236,0.5906264097945403,4.964993498893348,0.0,-0.10266009475768112,0.9541921971491504,-0.609541866814709
0.24120603015075376,0.27613015552254083,4.992369391101894,0.0,-0.05589354649163855,0.9245938432855357,-0.6357437616964999
0.25125628140703515,-0.03946683454856544,4.999844234470782,0.0,-0.008904190153634481,0.8913097871449887,-0.6594113954569922
0.2613065326633166,-0.35490649824008,4.987388232081694,0.0,0.03812066089825086,0.8544727087387303,-0.6804504219654237
0.271356783919598,-0.6689314005223951,4.955051037213961,0.0,0.08499355181359461,0.8142294514669676,-0.6987769734906066
0.2814070351758794,-0.98028974601989,4.902961555412021,0.0,0.1315276334996549,0.7707404367580217,-0.7143179950223055
0.2914572864321608,-1.2877403690344824,4.831327430630109,0.0,0.17753740745666227,0.7241790245814609,-0.7270115354899384
0.30150753768844224,-1.5900576811961917,4.740434217502548,0.0,0.22283946522925485,0.674730822384406,-0.736806994717716
0.31155778894472363,-1.8860365570178805,4.630644243039206,0.0,0.26725321952638026,0.6225929452058027,-0.7436653251317854
0.32160804020100503,-2.174497137878965,4.502395162283758,0.0,0.31060162409521214,0.5679732299180542,-0.7475591874153142
0.3316582914572864,-2.4542895352879674,4.3561982136922985,0.0,0.3527118794794478,0.5110894067282815,-0.7484730594910264
0.3417085427135678,-2.7242984146753506,4.192636181186888,0.0,0.3934161218486291,0.4521682312418499,-0.7464032983967556
0.35175879396984927,-2.9834474414442798,4.01236107100789,0.0,0.432552092152612,0.3914445805480092,-0.7413581548073609
0.36180904522613067,-3.2307035715560497,3.8160915126258423,0.0,0.4699637829337357,0.3291605169309203,-0.7333577401451173
0.37185929648241206,-3.465081169546659,3.6046098940735813,0.0,0.5055020602183128,0.26556432293838195,-0.7224339464096861
0.38190954773869346,-3.685645937558894,3.378759243118044,0.0,0.5390252580083952,0.20090951165476614,-0.7086303190472497
0.3919597989949749,-3.89151863972765,3.1394398667042918,0.0,0.570399743003997,0.1354538161234979,-0.6920018833655898
0.4020100502512563,-4.081878607071995,2.8876057620679427,0.0,0.5995004473046277,0.06945816194754376,-0.6726149251870688
0.4120603015075377,-4.255967008922473,2.6242608138223424,0.0,0.6262113669666317,0.0031856271634170723,-0.6505467266138991
0.4221105527638191,-4.413089877842735,2.350454792180015,0.0,0.6504260244289346,-0.06309960646504577,-0.6258852579590124
0.4321608040201005,-4.552620875987311,2.067279168260671,0.0,0.6720478929638365,-0.1291333065526885,-0.598728827070589
0.44221105527638194,-4.6740037918679915,1.775862763167141,0.0,0.6909907814608626,-0.19465224340083404,-0.5691856874481362
0.45226130653266333,-4.776754757575974,1.4773672481733502,0.0,0.7071791780098137,-0.25939523930807584,-0.5373736067122858
0.4623115577889447,-4.860464177621285,1.1729825139618444,0.0,0.7205485509133899,-0.32310420970121084,-0.5034193971485115
0.4723618090452261,-4.924798361700552,0.8639219273704992,0.0,0.7310456059294653,-0.385525191936053,-0.4674584101961607
0.4824120603015075,-4.969500854884439,0.5514174945563753,0.0,0.7386284987175714,-0.4464093576670301,-0.4296339968979139
0.49246231155778897,-4.994393459922218,0.2367149498577888,0.0,0.7432670016427116,-0.5055140047499588,-0.3900969364604786
0.5025125628140703,-4.999376947588287,-0.07893121006818288,0.0,0.7449426242715814,-0.562603524723985,-0.34900483520444214
0.5125628140703518,-4.984431452238966,-0.39426272703738174,0.0,0.7436486870808603,-0.6174503420160246,-0.30652149829924424
0.5226130653266332,-4.949616551002785,-0.7080225971247589,0.0,0.7393903480837501,-0.6698358211237491,-0.2628162767877247
0.5326633165829145,-4.895071026288573,-1.0189600814507584,0.0,0.7321845822686218,-0.7195511381608344,-0.21806339250318824
0.542713567839196,-4.821012312558059,-1.3258356919933925,0.0,0.7220601139317322,-0.7663981132902297,-0.1724412435700693
0.5527638190954774,-4.727735629568335,-1.6274261325510593,0.0,0.7090573021737534,-0.8101900007271166,-0.1261316932566805
0.5628140703517588,-4.615612805539303,-1.9225291751600537,0.0,0.6932279800165587,-0.8507522331623897,-0.07931934501487685
0.5728643216080402,-4.485090794937317,-2.2099684525278964,0.0,0.674635247781593,-0.8879231176391588,-0.032190806596543796
0.5829145728643216,-4.336689896783574,-2.488598147378414,0.0,0.6533532215534814,-0.9215544801083024,0.01506605381963751
0.592964824120603,-4.171001680589588,-2.7573075600155366,0.0,0.6294667377315747,-0.9515122560936959,0.062262856525863164
0.6030150753768845,-3.988686628187596,-3.015025535898074,0.0,0.6030710148471771,-0.9776770251125368,0.10921146122197643
0.6130653266331658,-3.7904715008562277,-3.260724735575933,0.0,0.5742712739945487,-0.9999444867204202,0.1557247169978945
0.6231155778894473,-3.5771464422368555,-3.493425729966533,0.0,0.5431823193887572,-1.0182258762835072,0.2016172083720361
0.6331658291457286,-3.3495618285892768,-3.7122009046464144,0.0,0.5099280807224035,-1.0324483188203903,0.24670599441181637
0.6432160804020101,-3.1086248789424764,-3.9161781575944516,0.0,0.47464111914550966,-1.0425551195031497,0.29081133798987213
0.6532663316582915,-2.8552960386534747,-4.104544375646312,0.0,0.4374620988378938,-1.0485059896595643,0.33375742226897076
0.6633165829145728,-2.590585150790389,-4.276548675802058,0.0,0.3985392262804846,-1.0502772073755804,0.37537305155949974
0.6733668341708543,-2.315547430601738,-4.431505398466044,0.0,0.3580276594608145,-1.0478617120578184,0.4154923337557034
0.6834170854271356,-2.0312792591189486,-4.568796840687182,0.0,0.31608888936777046,-1.0412691325791692,0.4539553416302755
0.6934673366834171,-1.7389138126599122,-4.6878757185041255,0.0,0.2728900962411346,-1.030525748895282,0.4906087503512064
0.7035175879396985,-1.4396165456558332,-4.788267348579647,0.0,0.22860348314211631,-1.0156743872849525,0.5253064486795311
0.7135678391959799,-1.1345805448079525,-4.869571540427689,0.0,0.18340558950143063,-0.9967742496320146,0.5579101214115948
0.7236180904522613,-0.8250217730939945,-4.931464191690013,0.0,0.13747658738134377,-0.9739006774292613,0.5882898007440234
0.7336683417085427,-0.5121742225830699,-4.973698580103284,0.0,0.09099956325698462,-0.9471448514451601,0.6163243843635124
0.7437185929648241,-0.1972849953812636,-4.9961063470063785,0.0,0.044159788179941734,-0.9166134282505559,0.6419021181961754
0.7537688442211056,0.11839066768311929,-4.99859816846739,0.0,-0.0028560207664861145,-0.8824281150542997,0.6649210418920576
0.7638190954773869,0.4335943908177524,-4.981164111355033,0.0,-0.04986044477636215,-0.8447251845426096,0.6852893952690056
0.7738693467336684,0.7470696795213023,-4.943873672935013,0.0,-0.09666611042744565,-0.80365493165617,0.702925984095667
0.7839195979899498,1.0575669293390964,-4.886875503833536,0.0,-0.14308643660661788,-0.7593810744704109,0.7177605037555146
0.7939698492462312,1.3638484071530157,-4.8103968154723145,0.0,-0.1889363782769275,-0.7120801015672372,0.72973381950167
0.8040201005025126,1.6646931851488054,-4.714742474337185,0.0,-0.2340331641213925,-0.6619405684997659,0.7387982021853526
0.8140703517587939,1.9589020077924646,-4.600293786690873,0.0,-0.2781970251230802,-0.6091623461545856,0.7449175185182666
0.8241206030150754,2.245302072414599,-4.467506978574372,0.0,-0.3212519111771428,-0.5539558240077699,0.7480673751104867
0.8341708542713568,2.5227517043458887,-4.316911377156116,0.0,-0.36302619287817783,-0.4965410714507113,0.7482352157096667
0.8442211055276382,2.7901449079672016,-4.1491073006786285,0.0,-0.40335334568538067,-0.4371469605289761,0.7454203712539446
0.8542713567839196,3.046415775532583,-3.964763665413893,0.0,-0.4420726137382158,-0.3760102535911888,0.739634062539019
0.864321608040201,3.2905427361901873,-3.764615319166886,0.0,-0.47902965067643033,-0.31337465948486226,0.7308993554887661
0.8743718592964824,3.52155262826336,-3.5494601119566656,0.0,-0.5140771349099217,-0.24948986206144233,0.719251069207701
0.8844221105527639,3.7385245785585464,-3.320155715552155,0.0,-0.547075356885811,-0.18461052486323373,0.7047356371818133
0.8944723618090452,3.9405936732359597,-3.077616204540899,0.0,-0.5778927760117016,-0.11899527595982202,0.6874109221810726
0.9045226130653267,4.126954405609881,-2.8228084125595903,0.0,-0.6064065450150694,-0.05290567698071377,0.6673459856014506
0.914572864321608,4.29686388713456,-2.5567480782116334,0.0,-0.6325029996485219,0.013394819546032008,0.6446208121659432
0.9246231155778895,4.449644808775901,-2.280495796035081,0.0,-0.6560781117888346,0.07964192039287078,0.6193259910819989
0.9346733668341709,4.584688140963944,-1.9951527886617029,0.0,-0.6770379041235636,0.14557154518310145,0.5915623549263648
0.9447236180904522,4.701455561363376,-1.7018565170205675,0.0,-0.6952988247721787,0.21092087909270824,0.5614405776968606
0.9547738693467337,4.799481600784285,-1.4017761460850717,0.0,-0.710788080348372,0.27542942050735253,0.5290807336333537
0.964824120603015,4.878375498678868,-1.0961078842384573,0.0,-0.723443926135844,0.3388400194582102,0.4946118185666226
0.9748743718592965,4.937822760827618,-0.7860702148362553,0.0,-0.7332159122208578,0.40089990269718806,0.4581712357031313
0.9849246231155779,4.97758641300553,-0.4728990389742225,0.0,-0.7400650846003936,0.46136168132523564,0.41990424789554487
0.9949748743718593,4.997507945630868,-0.15784274882405566,0.0,-0.7439641404642304,0.5199843369570616,0.37996339858239
1.0050251256281406,4.997507945630869,0.15784274882404875,0.0,-0.7448975370319583,0.5765341824911252,0.3385079037051567
1.015075376884422,4.977586413005531,0.47289903897422003,0.0,-0.7428615535110579,0.6307857936549641,0.29570301702685725
1.0251256281407035,4.937822760827618,0.7860702148362528,0.0,-0.7378643059290727,0.6825229076124741,0.2517193713820482
1.035175879396985,4.878375498678869,1.0961078842384548,0.0,-0.729925714780743,0.7315392850510091,0.20673229848430244
1.0452261306532664,4.799481600784285,1.4017761460850737,0.0,-0.7190774256190678,0.7776395323117822,0.16092113000256253
1.0552763819095476,4.701455561363379,1.7018565170205608,0.0,-0.705362682906851,0.8206398802863016,0.11446848269251007
1.065326633165829,4.584688140963945,1.9951527886617006,0.0,-0.6888361576315847,0.8603689169739489,0.06755953043260185
1.0753768844221105,4.4496448087759015,2.280495796035079,0.0,-0.6695637293708574,0.8966682707804903,0.020381266066677683
1.085427135678392,4.2968638871345615,2.556748078211632,0.0,-0.6476222236770339,0.9293932418337078,-0.026878244004367245
1.0954773869346734,4.12695440560988,2.822808412559592,0.0,-0.6230991058280643,0.9584133787995386,-0.07403060951042767
1.105527638190955,3.9405936732359614,3.0776162045408966,0.0,-0.5960921321652337,0.9836129988993559,-0.12088786729106094
1.1155778894472361,3.738524578558548,3.3201557155521533,0.0,-0.5667089604077074,1.004891649055461,-0.16726323057178555
1.1256281407035176,3.521552628263361,3.5494601119566638,0.0,-0.5350667204972811,1.0221645063265166,-0.21297183355095572
1.135678391959799,3.2905427361901896,3.764615319166884,0.0,-0.5012915476840795,1.035362716036671,-0.2578314683290696
1.1457286432160805,3.046415775532582,3.9647636654138947,0.0,-0.46551807971444314,1.0444336662504967,-0.3016633112429117
1.155778894472362,2.7901449079672,4.14910730067863,0.0,-0.4278889201253825,1.0493411974995954,-0.3442926357091241
1.1658291457286432,2.522751704345891,4.3169113771561145,0.0,-0.3885540697850448,1.050065746924848,-0.3855495087356258
1.1758793969849246,2.2453020724146007,4.46750697857437,0.0,-0.34767032894525235,1.0466044262597083,-0.4252694683243673
1.185929648241206,1.9589020077924668,4.600293786690872,0.0,-0.30540067218970895,1.038971033343681,-0.4632941790650915
1.1959798994974875,1.6646931851488034,4.714742474337187,0.0,-0.2619135987694957,1.0271959971200857,-0.4994720633067321
1.206030150753769,1.363848407153014,4.8103968154723145,0.0,-0.21738246091563504,1.011326256337364,-0.5336589053903881
1.2160804020100502,1.0575669293390986,4.886875503833536,0.0,-0.17198477280624344,0.9914250724374585,-0.5657184265352484
1.2261306532663316,0.7470696795213049,4.943873672935013,0.0,-0.12590150294294533,0.967571777377147,-0.5955228280857863
1.236180904522613,0.4335943908177548,4.981164111355033,0.0,-0.07931635275734644,0.9398614573875953,-0.6229533009546862
1.2462311557788945,0.11839066768311729,4.998598168467391,0.0,-0.03241502432323408,0.9084045739327435,-0.6479004992307205
1.256281407035176,-0.1972849953812656,4.996106347006378,0.0,0.014615519906356452,0.8733265233775114,-0.6702649760636231
1.2663316582914572,-0.512174222583063,4.973698580103285,0.0,0.06158780238632662,0.8347671371211033,-0.6899575800884099
1.2763819095477387,-0.8250217730939922,4.931464191690014,0.0,0.10831457782000359,0.7928801241880311,-0.7068998108088688
1.2864321608040201,-1.13458054480795,4.869571540427689,0.0,0.15460957957381588,0.7478324584988574,-0.7210241315235644
1.2964824120603016,-1.4396165456558352,4.788267348579646,0.0,0.20028826219073464,0.6998037132631671,-0.7322742385469418
1.306532663316583,-1.7389138126599097,4.6878757185041255,0.0,0.24516853704259925,0.6489853451480804,-0.7406052856523329
1.3165829145728642,-2.031279259118938,4.568796840687186,0.0,0.2890714981888056,0.5955799310758106,-0.7459840628421713
1.3266331658291457,-2.315547430601735,4.4315053984660455,0.0,0.3318221355478628,0.5398003606926332,-0.7483891287327842
1.3366834170854272,-2.5905851507903863,4.27654867580206,0.0,0.373250032538912,0.48186898772830905,-0.7478108960260361
1.3467336683417086,-2.8552960386534765,4.104544375646311,0.0,0.4131900454122113,0.42201674362889013,-0.7442516697271135
1.35678391959799,-3.108624878942474,3.9161781575944534,0.0,0.4514829615605626,0.36048221699623717,-0.7377256379560969
1.3668341708542713,-3.3495618285892705,3.7122009046464206,0.0,0.48797613418747005,0.29751070250386036,-0.7282588153899522
1.3768844221105527,-3.5771464422368537,3.493425729966535,0.0,0.5225240908020455,0.23335322308040046,-0.7158889395603969
1.3869346733668342,-3.7904715008562273,3.2607247355759332,0.0,0.5549891131150277,0.16826552925860466,-0.7006653204210305
1.3969849246231156,-3.988686628187599,3.01502553589807,0.0,0.5852417860242848,0.10250707967867613,-0.6826486437833934
1.407035175879397,-4.171001680589587,2.757307560015539,0.0,0.6131615135013705,0.03634000681002972,-0.661910729405522
1.4170854271356783,-4.336689896783569,2.4885981473784216,0.0,0.6386369993226727,-0.029971927985630444,-0.6385342446973238
1.4271356783919598,-4.4850907949373156,2.2099684525278986,0.0,0.6615666907288057,-0.09616438588446598,-0.6126123751840332
1.4371859296482412,-4.615612805539303,1.922529175160054,0.0,0.6818591832436963,-0.16197350433259236,-0.5842484530413746
1.4472361809045227,-4.727735629568336,1.627426132551055,0.0,0.6994335850396413,-0.2271369488796249,-0.5535555451831968
1.4572864321608041,-4.821012312558058,1.3258356919933951,0.0,0.7142198393958591,-0.29139495892074735,-0.5206560025435893
1.4673366834170853,-4.895071026288571,1.0189600814507673,0.0,0.7261590039651303,-0.3544913831786848,-0.4856809723501665
1.4773869346733668,-4.949616551002785,0.7080225971247613,0.0,0.7352034857352837,-0.4161747007978302,-0.44876987533274904
1.4874371859296482,-4.984431452238966,0.3942627270373821,0.0,0.7413172307489015,-0.47619902398015157,-0.41006984995144036
1.4974874371859297,-4.999376947588287,0.0789312100681809,0.0,0.7444758678249718,-0.5343250781660887,-0.3697351658595602
1.5075376884422111,-4.994393459922218,-0.2367149498577886,0.0,0.744666805709564,-0.5903211558531316,-0.32792660893955566
1.5175879396984926,-4.969500854884439,-0.5514174945563775,0.0,0.7418892832682612,-0.6439640402499008,-0.28481084036330484
1.5276381909547738,-4.924798361700553,-0.8639219273704947,0.0,0.7361543725202649,-0.6950398950837441,-0.24055973223180588
1.5376884422110553,-4.860464177621285,-1.1729825139618442,0.0,0.7274849345020776,-0.7433451170148582,-0.19534968244255632
1.5477386934673367,-4.776754757575976,-1.4773672481733457,0.0,0.7159155281367073,-0.7886871472589133,-0.14936091151579964
1.5577889447236182,-4.674003791867992,-1.7758627631671409,0.0,0.7014922724716612,-0.8308852391828634,-0.10277674418265602
1.5678391959798996,-4.55262087598731,-2.067279168260673,0.0,0.6842726628348949,-0.8697711788140362,-0.05578287859897707
1.5778894472361809,-4.413089877842736,-2.3504547921800127,0.0,0.6643253416415699,-0.9051899553903752,-0.008566646098020912
1.5879396984924623,-4.255967008922473,-2.6242608138223424,0.0,0.6417298247652495,-0.9370003792788113,0.03868373556719759
1.5979899497487438,-4.081878607071998,-2.8876057620679396,0.0,0.6165761845643054,-0.9650756447985485,0.08577991251507251
1.6080402010050252,-3.89151863972765,-3.139439866704291,0.0,0.5889646908270708,-0.989303835705712,0.1325341455692402
1.6180904522613067,-3.685645937558893,-3.3787592431180458,0.0,0.5590054110670561,-1.0095883713243206,0.17876005864199865
1.6281407035175879,-3.4650811695466603,-3.6046098940735805,0.0,0.5268177717615515,-1.0258483915451921,0.22427338168406707
1.6381909547738693,-3.230703571556048,-3.8160915126258432,0.0,0.4925300822826526,-1.0380190791580617,0.26889268523906
1.6482412060301508,-2.983447441444283,-4.012361071007887,0.0,0.4562790234184727,-1.0460519182319905,0.31244010367451175
1.6582914572864322,-2.724298414675353,-4.192636181186887,0.0,0.41820910252341986,-1.0499148875141016,0.3547420442064713
1.6683417085427137,-2.454289535287966,-4.356198213692299,0.0,0.3784720774694995,-1.0495925880756838,0.39562987889125195
1.678391959798995,-2.174497137878967,-4.502395162283757,0.0,0.3372263516949181,-1.0450863046968415,0.43494061682588403
1.6884422110552764,-1.8860365570178788,-4.630644243039207,0.0,0.2946363427615088,-1.0364140007449825,0.47251755387766775
1.6984924623115578,-1.590057681196195,-4.740434217502546,0.0,0.25087182693810856,-1.0236102465675665,0.508210897352806
1.7085427135678393,-1.2877403690344835,-4.831327430630109,0.0,0.20610726242253927,-1.0067260816845596,0.5418783631140303
1.7185929648241207,-0.9802897460198869,-4.902961555412021,0.0,0.160521093900065,-0.9858288113299356,0.5733857427669014
1.728643216080402,-0.6689314005223976,-4.955051037213961,0.0,0.11429504121052812,-0.9610017381532725,0.6026074386538416
1.7386934673366834,-0.35490649824007797,-4.9873882320816945,0.0,0.06761337495975873,-0.9323438301509498,0.629426964523242
1.7487437185929648,-0.03946683454857012,-4.999844234470782,0.0,0.02066218196289561,-0.8999693261506918,0.6537374098778264
1.7587939698492463,0.2761301555225406,-4.992369391101894,0.0,-0.02637137655225569,-0.864007280422082,0.6754418661512589
1.7688442211055277,0.5906264097945434,-4.964993498893348,0.0,-0.07329981102476887,-0.8246010482283946,0.6944538130141129
1.778894472361809,0.9027682539445092,-4.91782568618185,0.0,-0.11993605094898835,-0.7819077143704616,0.7106974632692848
1.7889447236180904,1.211311399018909,-4.851053977704933,0.0,-0.16609419059244218,-0.7360974670005743,0.7241080649619943
1.7989949748743719,1.5150259015343603,-4.764944545079198,0.0,-0.2115902300706221,-0.687352919202589,0.7346321595000685
1.8090452261306533,1.8127010663931227,-4.659840645762174,0.0,-0.25624280882449435,-0.6358683810426096,0.7422277947555719
1.8190954773869348,2.1031502730689247,-4.536161254727405,0.0,-0.2998739285768919,-0.5818490849920627,0.746864692298295
1.829145728643216,2.3852157058244465,-4.394399394307302,0.0,-0.34230966288585823,-0.5255103678108661,0.7485243680944588
1.8391959798994975,2.6577729691045016,-4.235120168861498,0.0,-0.38338085046646747,-0.46707681215193386,0.7472002061894958
1.849246231155779,2.9197355697065284,-4.0589585121051055,0.0,-0.4229237695173248,-0.4067813513088452,0.7428974850811845
1.8592964824120604,3.170059247861194,-3.8666166560766952,0.0,-0.4607807903636908,-0.3448643406754129,0.7356333566780102
1.8693467336683418,3.407746139958172,-3.6588613318353813,0.0,-0.4968010038156061,-0.2815725996185726,0.7254367779266254
1.879396984924623,3.631848756323196,-3.4365207130459225,0.0,-0.5308408227361888,-0.21715842758398918,0.7123483953809677
1.8894472361809045,3.8414737581898493,-3.200481114635541,0.0,-0.5627645544220836,-0.15187859835645137,0.6964203831731709
1.899497487437186,4.035785518809925,-2.951683459682645,0.0,-0.5924449415143795,-0.08599333648424853,0.6777162350321704
1.9095477386934674,4.214009454506754,-2.691119528621442,0.0,-0.6197636692837692,-0.019765279947790836,0.656310511179075
1.9195979899497488,4.37543511239297,-2.41982800571419,0.0,-0.64461183726777,0.04654156679242669,0.6322885411082547
1.92964824120603,4.519419002444117,-2.138890338551049,0.0,-0.6668903933799099,0.11266288519504368,0.6057460834389455
1.9396984924623115,4.6453871626386505,-1.84942642708274,0.0,-0.6865105287604013,0.17833509628907906,0.576788944193302
1.949748743718593,4.752837446938914,-1.5525901593708467,0.0,-0.7033940317943063,0.24329641137702346,0.5455325550225568
1.9597989949748744,4.841341526992537,-1.249564811851541,0.0,-0.7174735998859746,0.3072878756013763,0.5121015130626013
1.9698492462311559,4.910546599574903,-0.9415583324485849,0.0,-0.7286931077469344,0.37005440021467434,0.4766290842532499
1.9798994974874373,4.960176792966289,-0.6297985253385885,0.0,-0.7370078311277548,0.4313457794380625,0.43925667210111413
1.9899497487437185,4.990034266657466,-0.3155281565633743,0.0,-0.7423846251020243,0.490917687854928,0.4001332540037431
2.0,5.0,-2.4492935982947065e-15,0.0,-0.7448020561917484,0.5485326543636772,0.3594147873820184
